AAP,3506,0,0,0,1,1,1,0,aap@mindwireless.com
Acushnet,3529,0,0,0,1,1,1,0,acushnet@mindwireless.com
AlliedUniversal,3527,0,0,0,1,1,1,0,universalservices@mindwireless.com
Amedisys,3513,0,0,0,1,1,1,0,amedisys@mindwireless.com
AMI French,2029,0,1,0,0,1,1,0,associatedmaterials@mindwireless.com
Assoc Materials,3509,0,0,0,1,1,1,0,associatedmaterials@mindwireless.com
BBA Aviation,3516,0,0,0,1,1,1,0,bbaaviation@mindwireless.com
BMW NoAm,3515,0,1,0,0,1,1,0,bmwnavm@mindwireless.com
Carlson,3523,0,0,0,1,1,1,0,carlson@mindwireless.com
CBI,3544,0,0,0,1,1,1,0,cbi@mindwireless.com
CCCanadaFrench,3594,0,0,0,1,1,1,0,cocacolacanada@mindwireless.com
ClearwaterPaper,3524,0,0,0,1,1,1,0,clearwater@mindwireless.com
Coca-Cola CCBCC,3580,0,0,0,1,1,1,0,ccbcc@mindwireless.com
CocaColaBottler,3595,0,0,0,1,1,1,0,cokebottlers@mindwireless.com
CocaColaCanada,3593,0,0,0,1,1,1,0,cocacolacanada@mindwireless.com
CocaColaCCR,3592,0,0,0,1,1,1,0,ccr@mindwireless.com
CocaColaCCSWB,3590,0,0,0,1,1,1,0,ccswb@mindwireless.com
CocaColaTCCC,3591,0,0,0,1,1,1,0,coca-cola@mindwireless.com
Danaher,3545,0,0,0,1,1,1,0,danaher@mindwireless.com
Ecova,3548,0,1,0,0,1,1,0,ecova@mindwireless.com
Forterra,3567,0,0,0,1,1,1,0,forterra@mindwireless.com
Fortive,3512,0,0,0,1,1,1,0,fortive@mindwireless.com
Humana,3517,0,1,0,0,1,1,0,humana@mindwireless.com
Lehigh Hanson,3557,0,0,0,1,1,1,0,lehighhanson@mindwireless.com
LVMH,3558,0,0,0,1,1,1,0,lvmh@mindwireless.com
Michaels,3576,0,0,0,1,1,1,0,michaels@mindwireless.com
mS AOHD MO,3230,0,0,0,1,1,1,0,jmartinez@mind-mail.com
mS AOHD TX,3240,0,1,0,0,1,1,0,jmartinez@mind-mail.com
mS HET,3522,0,1,0,0,1,1,0,support@vuze.camera
mS Puck,3551,0,0,0,1,1,1,0,support@smashtoast.com
mS Rachio,3553,0,0,0,1,1,1,0,support@rachio.com
mS YPB,3525,0,1,0,0,1,1,0,twermund@mind-mail.com
mSHETCUSTOMER,2022,0,1,0,0,1,0,0,
mSHETDEALER,2032,0,1,0,0,1,0,0,
Netscout,3561,0,0,0,1,1,1,0,netscout@mindwireless.com
Nordstrom,3539,0,0,0,1,1,1,0,nordstrom@mindwireless.com
Oshkosh,3577,0,1,0,0,1,1,0,oshkosh@mindwireless.com
Pinnacle Foods,3578,0,0,0,1,1,1,0,pinnaclefoods@mindwireless.com
Plains,3579,0,0,0,1,1,1,0,plainsmidstream@mindwireless.com
Sonic Auto,3541,0,0,0,1,1,1,0,sonicsupport@mindwireless.com
Strategic Matls,3543,0,0,0,1,1,1,0,strategicmaterials@mindwireless.com
SWS,3521,0,0,0,1,1,1,0,southernwine@mindwireless.com
TMK,3508,0,0,0,1,1,1,0,tmk@mindwireless.com
Tokyo Electron,3589,0,1,0,0,1,1,0,tel@mindwireless.com
ULA,3547,0,0,0,1,1,1,0,ulalaunch@mindwireless.com
Willbros,3549,0,1,0,0,1,1,0,willbros@mindwireless.com
